<?xml version='1.0' encoding='UTF-8'?>
<?artifactRepository version='1.1.0'?>
<repository name='Bundle pool' type='org.eclipse.equinox.p2.artifact.repository.simpleRepository' version='1.0.0'>
  <properties size='2'>
    <property name='p2.system' value='true'/>
    <property name='p2.timestamp' value='1347965531017'/>
  </properties>
  <mappings size='3'>
    <rule filter='(&amp; (classifier=osgi.bundle))' output='${repoUrl}/plugins/${id}_${version}.jar'/>
    <rule filter='(&amp; (classifier=binary))' output='${repoUrl}/binary/${id}_${version}'/>
    <rule filter='(&amp; (classifier=org.eclipse.update.feature))' output='${repoUrl}/features/${id}_${version}.jar'/>
  </mappings>
  <artifacts size='212'>
    <artifact classifier='osgi.bundle' id='org.wso2.carbon.ndatasource.common' version='4.0.0'>
      <properties size='1'>
        <property name='download.size' value='6144'/>
      </properties>
    </artifact>
    <artifact classifier='osgi.bundle' id='commons-lang' version='2.6.0.wso2v1'>
      <properties size='1'>
        <property name='download.size' value='279699'/>
      </properties>
    </artifact>
    <artifact classifier='osgi.bundle' id='org.wso2.carbon.server.admin.common' version='4.0.0'>
      <properties size='1'>
        <property name='download.size' value='8001'/>
      </properties>
    </artifact>
    <artifact classifier='osgi.bundle' id='org.eclipse.equinox.http.servlet' version='1.0.200.v20090520-1800-wso2v1'>
      <properties size='1'>
        <property name='download.size' value='31258'/>
      </properties>
    </artifact>
    <artifact classifier='osgi.bundle' id='org.wso2.carbon.ntask.core' version='4.0.0'>
      <properties size='1'>
        <property name='download.size' value='51406'/>
      </properties>
    </artifact>
    <artifact classifier='osgi.bundle' id='org.eclipse.equinox.frameworkadmin' version='2.0.0.v20110502-1955'>
      <properties size='1'>
        <property name='download.size' value='34985'/>
      </properties>
    </artifact>
    <artifact classifier='osgi.bundle' id='org.wso2.carbon.ntask.solutions' version='4.0.0'>
      <properties size='1'>
        <property name='download.size' value='6691'/>
      </properties>
    </artifact>
    <artifact classifier='org.eclipse.update.feature' id='org.wso2.carbon.core.runtime' version='4.0.0'>
      <properties size='1'>
        <property name='download.size' value='5688'/>
      </properties>
      <repositoryProperties size='1'>
        <property name='artifact.folder' value='true'/>
      </repositoryProperties>
    </artifact>
    <artifact classifier='osgi.bundle' id='authenticator' version='0.7.0.wso2v1'>
      <properties size='1'>
        <property name='download.size' value='10014'/>
      </properties>
    </artifact>
    <artifact classifier='osgi.bundle' id='org.jaggeryjs.jaggery.deployer' version='0.9.0.SNAPSHOT'>
      <properties size='1'>
        <property name='download.size' value='5177'/>
      </properties>
    </artifact>
    <artifact classifier='osgi.bundle' id='org.eclipse.equinox.security' version='1.1.0.v20110502'>
      <properties size='1'>
        <property name='download.size' value='106103'/>
      </properties>
    </artifact>
    <artifact classifier='osgi.bundle' id='saxon.bps' version='9.0.0.x-wso2v1'>
      <properties size='1'>
        <property name='download.size' value='2607944'/>
      </properties>
    </artifact>
    <artifact classifier='osgi.bundle' id='ehcache' version='1.5.0.wso2v1'>
      <properties size='1'>
        <property name='download.size' value='265914'/>
      </properties>
    </artifact>
    <artifact classifier='osgi.bundle' id='tribes' version='7.0.28.wso2v1'>
      <properties size='1'>
        <property name='download.size' value='288163'/>
      </properties>
    </artifact>
    <artifact classifier='osgi.bundle' id='h2-database-engine' version='1.2.140.wso2v3'>
      <properties size='1'>
        <property name='download.size' value='2694068'/>
      </properties>
    </artifact>
    <artifact classifier='osgi.bundle' id='org.jaggeryjs.hostobjects.registry' version='0.9.0.SNAPSHOT'>
      <properties size='1'>
        <property name='download.size' value='16598'/>
      </properties>
    </artifact>
    <artifact classifier='osgi.bundle' id='org.eclipse.ecf.identity' version='3.1.100.v20110531-2218'>
      <properties size='1'>
        <property name='download.size' value='51441'/>
      </properties>
    </artifact>
    <artifact classifier='osgi.bundle' id='rampart-policy' version='1.6.1.wso2v3'>
      <properties size='1'>
        <property name='download.size' value='166965'/>
      </properties>
    </artifact>
    <artifact classifier='osgi.bundle' id='xmlbeans' version='2.3.0.wso2v1'>
      <properties size='1'>
        <property name='download.size' value='2699509'/>
      </properties>
    </artifact>
    <artifact classifier='osgi.bundle' id='XmlSchema' version='1.4.7.wso2v2'>
      <properties size='1'>
        <property name='download.size' value='141611'/>
      </properties>
    </artifact>
    <artifact classifier='osgi.bundle' id='org.jaggeryjs.hostobjects.xhr' version='0.9.0.SNAPSHOT'>
      <properties size='1'>
        <property name='download.size' value='11437'/>
      </properties>
    </artifact>
    <artifact classifier='osgi.bundle' id='org.wso2.carbon.base' version='4.0.0'>
      <properties size='1'>
        <property name='download.size' value='27478'/>
      </properties>
    </artifact>
    <artifact classifier='osgi.bundle' id='org.eclipse.equinox.jsp.jasper' version='1.0.200.v20090520-1800'>
      <properties size='1'>
        <property name='download.size' value='22552'/>
      </properties>
    </artifact>
    <artifact classifier='osgi.bundle' id='org.wso2.carbon.registry.server' version='4.0.0'>
      <properties size='1'>
        <property name='download.size' value='10230'/>
      </properties>
    </artifact>
    <artifact classifier='osgi.bundle' id='js' version='1.7.0.R1-wso2v3'>
      <properties size='1'>
        <property name='download.size' value='764137'/>
      </properties>
    </artifact>
    <artifact classifier='osgi.bundle' id='json-simple' version='1.1.0.wso2v1'>
      <properties size='1'>
        <property name='download.size' value='18633'/>
      </properties>
    </artifact>
    <artifact classifier='osgi.bundle' id='tiles-jsp' version='2.0.5.wso2v1'>
      <properties size='1'>
        <property name='download.size' value='464803'/>
      </properties>
    </artifact>
    <artifact classifier='osgi.bundle' id='org.wso2.carbon.server.admin.ui' version='4.0.0'>
      <properties size='1'>
        <property name='download.size' value='44576'/>
      </properties>
    </artifact>
    <artifact classifier='osgi.bundle' id='org.eclipse.equinox.frameworkadmin.equinox' version='1.0.300.v20110506'>
      <properties size='1'>
        <property name='download.size' value='61084'/>
      </properties>
    </artifact>
    <artifact classifier='osgi.bundle' id='org.eclipse.equinox.common' version='3.6.0.v20110523'>
      <properties size='1'>
        <property name='download.size' value='105626'/>
      </properties>
    </artifact>
    <artifact classifier='osgi.bundle' id='jaxb' version='2.2.5.wso2v1'>
      <properties size='1'>
        <property name='download.size' value='3181481'/>
      </properties>
    </artifact>
    <artifact classifier='osgi.bundle' id='org.wso2.carbon.ndatasource.core' version='4.0.0'>
      <properties size='1'>
        <property name='download.size' value='44826'/>
      </properties>
    </artifact>
    <artifact classifier='osgi.bundle' id='org.sat4j.pb' version='2.3.0.v20110329'>
      <properties size='1'>
        <property name='download.size' value='140721'/>
      </properties>
    </artifact>
    <artifact classifier='osgi.bundle' id='jboss-logging' version='3.1.0.wso2v1'>
      <properties size='1'>
        <property name='download.size' value='50703'/>
      </properties>
    </artifact>
    <artifact classifier='osgi.bundle' id='org.wso2.carbon.ntask.common' version='4.0.0'>
      <properties size='1'>
        <property name='download.size' value='5415'/>
      </properties>
    </artifact>
    <artifact classifier='osgi.bundle' id='org.wso2.carbon.server.admin' version='4.0.0'>
      <properties size='1'>
        <property name='download.size' value='55426'/>
      </properties>
    </artifact>
    <artifact classifier='osgi.bundle' id='org.jaggeryjs.admin.styles' version='0.9.0.SNAPSHOT'>
      <properties size='1'>
        <property name='download.size' value='300514'/>
      </properties>
    </artifact>
    <artifact classifier='osgi.bundle' id='commons-codec' version='1.4.0.wso2v1'>
      <properties size='1'>
        <property name='download.size' value='52406'/>
      </properties>
    </artifact>
    <artifact classifier='osgi.bundle' id='org.eclipse.equinox.p2.console' version='1.0.300.v20110502-1955'>
      <properties size='1'>
        <property name='download.size' value='26964'/>
      </properties>
    </artifact>
    <artifact classifier='osgi.bundle' id='marshalling' version='1.3.6.wso2v1'>
      <properties size='1'>
        <property name='download.size' value='307188'/>
      </properties>
    </artifact>
    <artifact classifier='osgi.bundle' id='poi' version='3.5.0.wso2v1'>
      <properties size='1'>
        <property name='download.size' value='1515699'/>
      </properties>
    </artifact>
    <artifact classifier='osgi.bundle' id='backport-util-concurrent' version='3.1.0.wso2v1'>
      <properties size='1'>
        <property name='download.size' value='338331'/>
      </properties>
    </artifact>
    <artifact classifier='osgi.bundle' id='jgroups' version='3.0.6.wso2v1'>
      <properties size='1'>
        <property name='download.size' value='1743061'/>
      </properties>
    </artifact>
    <artifact classifier='osgi.bundle' id='org.eclipse.ecf' version='3.1.300.v20110531-2218'>
      <properties size='1'>
        <property name='download.size' value='93249'/>
      </properties>
    </artifact>
    <artifact classifier='osgi.bundle' id='org.wso2.carbon.coordination.core' version='4.0.0'>
      <properties size='1'>
        <property name='download.size' value='53354'/>
      </properties>
    </artifact>
    <artifact classifier='osgi.bundle' id='org.wso2.carbon.context' version='4.0.0'>
      <properties size='1'>
        <property name='download.size' value='8251'/>
      </properties>
    </artifact>
    <artifact classifier='osgi.bundle' id='commons-collections' version='3.2.0.wso2v1'>
      <properties size='1'>
        <property name='download.size' value='577096'/>
      </properties>
    </artifact>
    <artifact classifier='osgi.bundle' id='commons-httpclient' version='3.1.0.wso2v2'>
      <properties size='1'>
        <property name='download.size' value='568559'/>
      </properties>
    </artifact>
    <artifact classifier='osgi.bundle' id='org.jaggeryjs.jaggery.app.mgt.stub' version='0.9.0.SNAPSHOT'>
      <properties size='1'>
        <property name='download.size' value='34044'/>
      </properties>
    </artifact>
    <artifact classifier='osgi.bundle' id='jettison' version='1.1.0.wso2v1'>
      <properties size='1'>
        <property name='download.size' value='63827'/>
      </properties>
    </artifact>
    <artifact classifier='osgi.bundle' id='org.eclipse.equinox.p2.metadata.repository' version='1.2.0.v20110511-1359'>
      <properties size='1'>
        <property name='download.size' value='115717'/>
      </properties>
    </artifact>
    <artifact classifier='osgi.bundle' id='org.wso2.carbon.feature.mgt.core' version='4.0.0'>
      <properties size='1'>
        <property name='download.size' value='42849'/>
      </properties>
    </artifact>
    <artifact classifier='osgi.bundle' id='org.wso2.carbon.securevault' version='4.0.0'>
      <properties size='1'>
        <property name='download.size' value='14464'/>
      </properties>
    </artifact>
    <artifact classifier='osgi.bundle' id='ant' version='1.7.0.wso2v1'>
      <properties size='1'>
        <property name='download.size' value='1306617'/>
      </properties>
    </artifact>
    <artifact classifier='osgi.bundle' id='org.eclipse.core.runtime' version='3.7.0.v20110110'>
      <properties size='1'>
        <property name='download.size' value='70522'/>
      </properties>
    </artifact>
    <artifact classifier='osgi.bundle' id='slf4j' version='1.5.10.wso2v1'>
      <properties size='1'>
        <property name='download.size' value='31999'/>
      </properties>
    </artifact>
    <artifact classifier='osgi.bundle' id='geronimo-stax-api_1.0_spec' version='1.0.1.wso2v1'>
      <properties size='1'>
        <property name='download.size' value='556817'/>
      </properties>
    </artifact>
    <artifact classifier='osgi.bundle' id='org.eclipse.equinox.p2.extensionlocation' version='1.2.100.v20110510'>
      <properties size='1'>
        <property name='download.size' value='34562'/>
      </properties>
    </artifact>
    <artifact classifier='osgi.bundle' id='org.wso2.carbon.user.mgt' version='4.0.0'>
      <properties size='1'>
        <property name='download.size' value='45038'/>
      </properties>
    </artifact>
    <artifact classifier='osgi.bundle' id='tomcat-ha' version='7.0.28.wso2v1'>
      <properties size='1'>
        <property name='download.size' value='131376'/>
      </properties>
    </artifact>
    <artifact classifier='osgi.bundle' id='org.wso2.carbon.user.mgt.common' version='4.0.0'>
      <properties size='1'>
        <property name='download.size' value='8404'/>
      </properties>
    </artifact>
    <artifact classifier='osgi.bundle' id='org.eclipse.equinox.p2.updatechecker' version='1.1.200.v20110502-1955'>
      <properties size='1'>
        <property name='download.size' value='16801'/>
      </properties>
    </artifact>
    <artifact classifier='osgi.bundle' id='org.eclipse.equinox.ds' version='1.3.0.v20110502'>
      <properties size='1'>
        <property name='download.size' value='189310'/>
      </properties>
    </artifact>
    <artifact classifier='osgi.bundle' id='org.wso2.carbon.core.commons.stub' version='4.0.0'>
      <properties size='1'>
        <property name='download.size' value='155095'/>
      </properties>
    </artifact>
    <artifact classifier='osgi.bundle' id='org.jaggeryjs.hostobjects.web' version='0.9.0.SNAPSHOT'>
      <properties size='1'>
        <property name='download.size' value='14932'/>
      </properties>
    </artifact>
    <artifact classifier='osgi.bundle' id='org.eclipse.ecf.filetransfer' version='5.0.0.v20110531-2218'>
      <properties size='1'>
        <property name='download.size' value='50501'/>
      </properties>
    </artifact>
    <artifact classifier='osgi.bundle' id='org.wso2.carbon.feature.mgt.stub' version='4.0.0'>
      <properties size='1'>
        <property name='download.size' value='271144'/>
      </properties>
    </artifact>
    <artifact classifier='osgi.bundle' id='org.wso2.carbon.ui.menu.general' version='4.0.0'>
      <properties size='1'>
        <property name='download.size' value='5134'/>
      </properties>
    </artifact>
    <artifact classifier='osgi.bundle' id='org.wso2.carbon.registry.core' version='4.0.0'>
      <properties size='1'>
        <property name='download.size' value='724193'/>
      </properties>
    </artifact>
    <artifact classifier='osgi.bundle' id='org.wso2.carbon.cluster.mgt.core' version='4.0.0'>
      <properties size='1'>
        <property name='download.size' value='13650'/>
      </properties>
    </artifact>
    <artifact classifier='osgi.bundle' id='org.wso2.carbon.i18n' version='4.0.0'>
      <properties size='1'>
        <property name='download.size' value='4791'/>
      </properties>
    </artifact>
    <artifact classifier='osgi.bundle' id='org.wso2.carbon.server.admin.stub' version='4.0.0'>
      <properties size='1'>
        <property name='download.size' value='123892'/>
      </properties>
    </artifact>
    <artifact classifier='osgi.bundle' id='org.eclipse.osgi' version='3.7.0.v20110613'>
      <properties size='1'>
        <property name='download.size' value='1362240'/>
      </properties>
    </artifact>
    <artifact classifier='osgi.bundle' id='org.eclipse.equinox.p2.publisher' version='1.2.0.v20110511'>
      <properties size='1'>
        <property name='download.size' value='102065'/>
      </properties>
    </artifact>
    <artifact classifier='osgi.bundle' id='org.eclipse.equinox.p2.director.app' version='1.0.300.v20110505'>
      <properties size='1'>
        <property name='download.size' value='47303'/>
      </properties>
    </artifact>
    <artifact classifier='osgi.bundle' id='compass' version='2.0.1.wso2v2'>
      <properties size='1'>
        <property name='download.size' value='5714032'/>
      </properties>
    </artifact>
    <artifact classifier='osgi.bundle' id='axis2-transport-jms' version='1.1.0.wso2v6'>
      <properties size='1'>
        <property name='download.size' value='80759'/>
      </properties>
    </artifact>
    <artifact classifier='osgi.bundle' id='rome' version='0.9.0.wso2v1'>
      <properties size='1'>
        <property name='download.size' value='247433'/>
      </properties>
    </artifact>
    <artifact classifier='osgi.bundle' id='org.jaggeryjs.hostobjects.uri' version='0.9.0.SNAPSHOT'>
      <properties size='1'>
        <property name='download.size' value='5080'/>
      </properties>
    </artifact>
    <artifact classifier='osgi.bundle' id='org.eclipse.equinox.p2.updatesite' version='1.0.300.v20110510'>
      <properties size='1'>
        <property name='download.size' value='82535'/>
      </properties>
    </artifact>
    <artifact classifier='osgi.bundle' id='org.eclipse.equinox.concurrent' version='1.0.200.v20110502'>
      <properties size='1'>
        <property name='download.size' value='19904'/>
      </properties>
    </artifact>
    <artifact classifier='osgi.bundle' id='org.wso2.carbon.roles.mgt' version='4.0.0'>
      <properties size='1'>
        <property name='download.size' value='9692'/>
      </properties>
    </artifact>
    <artifact classifier='osgi.bundle' id='wsdl4j' version='1.6.2.wso2v4'>
      <properties size='1'>
        <property name='download.size' value='192947'/>
      </properties>
    </artifact>
    <artifact classifier='osgi.bundle' id='org.eclipse.core.expressions' version='3.4.300.v20110228'>
      <properties size='1'>
        <property name='download.size' value='86991'/>
      </properties>
    </artifact>
    <artifact classifier='osgi.bundle' id='org.wso2.carbon.queuing' version='4.0.0'>
      <properties size='1'>
        <property name='download.size' value='5543'/>
      </properties>
    </artifact>
    <artifact classifier='osgi.bundle' id='org.jaggeryjs.jaggery.core' version='0.9.0.SNAPSHOT'>
      <properties size='1'>
        <property name='download.size' value='64373'/>
      </properties>
    </artifact>
    <artifact classifier='osgi.bundle' id='org.wso2.carbon.roles.mgt.stub' version='4.0.0'>
      <properties size='1'>
        <property name='download.size' value='83111'/>
      </properties>
    </artifact>
    <artifact classifier='osgi.bundle' id='org.eclipse.equinox.p2.touchpoint.natives' version='1.0.300.v20110502-1955'>
      <properties size='1'>
        <property name='download.size' value='50202'/>
      </properties>
    </artifact>
    <artifact classifier='osgi.bundle' id='org.wso2.carbon.webapp.mgt' version='4.0.1'>
      <properties size='1'>
        <property name='download.size' value='81680'/>
      </properties>
    </artifact>
    <artifact classifier='osgi.bundle' id='org.jaggeryjs.scriptengine' version='0.9.0.SNAPSHOT'>
      <properties size='1'>
        <property name='download.size' value='41544'/>
      </properties>
    </artifact>
    <artifact classifier='osgi.bundle' id='org.eclipse.equinox.p2.core' version='2.1.0.v20110502-1955'>
      <properties size='1'>
        <property name='download.size' value='70810'/>
      </properties>
    </artifact>
    <artifact classifier='osgi.bundle' id='jdom' version='1.0.0.wso2v1'>
      <properties size='1'>
        <property name='download.size' value='149174'/>
      </properties>
    </artifact>
    <artifact classifier='osgi.bundle' id='javasysmon' version='0.3.3.wso2v1'>
      <properties size='1'>
        <property name='download.size' value='88873'/>
      </properties>
    </artifact>
    <artifact classifier='osgi.bundle' id='org.eclipse.equinox.p2.artifact.repository' version='1.1.100.v20110519'>
      <properties size='1'>
        <property name='download.size' value='132450'/>
      </properties>
    </artifact>
    <artifact classifier='osgi.bundle' id='org.jaggeryjs.hostobjects.ws' version='0.9.0.SNAPSHOT'>
      <properties size='1'>
        <property name='download.size' value='68250'/>
      </properties>
    </artifact>
    <artifact classifier='osgi.bundle' id='org.jaggeryjs.hostobjects.email' version='0.9.0.SNAPSHOT'>
      <properties size='1'>
        <property name='download.size' value='651472'/>
      </properties>
    </artifact>
    <artifact classifier='osgi.bundle' id='org.eclipse.equinox.p2.directorywatcher' version='1.0.300.v20110502-1955'>
      <properties size='1'>
        <property name='download.size' value='32570'/>
      </properties>
    </artifact>
    <artifact classifier='osgi.bundle' id='org.eclipse.equinox.preferences' version='3.4.0.v20110502'>
      <properties size='1'>
        <property name='download.size' value='111583'/>
      </properties>
    </artifact>
    <artifact classifier='org.eclipse.update.feature' id='org.wso2.carbon.ntask.core' version='4.0.0'>
      <properties size='1'>
        <property name='download.size' value='5085'/>
      </properties>
      <repositoryProperties size='1'>
        <property name='artifact.folder' value='true'/>
      </repositoryProperties>
    </artifact>
    <artifact classifier='osgi.bundle' id='org.wso2.carbon.ndatasource.rdbms' version='4.0.0'>
      <properties size='1'>
        <property name='download.size' value='21705'/>
      </properties>
    </artifact>
    <artifact classifier='osgi.bundle' id='org.eclipse.equinox.p2.jarprocessor' version='1.0.200.v20110502-1955'>
      <properties size='1'>
        <property name='download.size' value='67018'/>
      </properties>
    </artifact>
    <artifact classifier='org.eclipse.update.feature' id='org.jaggeryjs.ui' version='0.9.0.SNAPSHOT'>
      <properties size='1'>
        <property name='download.size' value='969'/>
      </properties>
      <repositoryProperties size='1'>
        <property name='artifact.folder' value='true'/>
      </repositoryProperties>
    </artifact>
    <artifact classifier='osgi.bundle' id='poi-ooxml' version='3.5.0.wso2v1'>
      <properties size='1'>
        <property name='download.size' value='1901052'/>
      </properties>
    </artifact>
    <artifact classifier='org.eclipse.update.feature' id='org.wso2.carbon.core.server' version='4.0.0'>
      <properties size='1'>
        <property name='download.size' value='5103'/>
      </properties>
      <repositoryProperties size='1'>
        <property name='artifact.folder' value='true'/>
      </repositoryProperties>
    </artifact>
    <artifact classifier='osgi.bundle' id='org.wso2.carbon.feature.mgt.services' version='4.0.0'>
      <properties size='1'>
        <property name='download.size' value='35304'/>
      </properties>
    </artifact>
    <artifact classifier='osgi.bundle' id='commons-io' version='2.0.0.wso2v2'>
      <properties size='1'>
        <property name='download.size' value='155542'/>
      </properties>
    </artifact>
    <artifact classifier='osgi.bundle' id='org.jaggeryjs.hostobjects.feed' version='0.9.0.SNAPSHOT'>
      <properties size='1'>
        <property name='download.size' value='16439'/>
      </properties>
    </artifact>
    <artifact classifier='osgi.bundle' id='wso2-uri-templates' version='1.6.2'>
      <properties size='1'>
        <property name='download.size' value='17539'/>
      </properties>
    </artifact>
    <artifact classifier='osgi.bundle' id='org.wso2.carbon.utils' version='4.0.0'>
      <properties size='1'>
        <property name='download.size' value='218179'/>
      </properties>
    </artifact>
    <artifact classifier='osgi.bundle' id='org.eclipse.equinox.p2.repository.tools' version='2.0.100.v20110512-1320'>
      <properties size='1'>
        <property name='download.size' value='232677'/>
      </properties>
    </artifact>
    <artifact classifier='osgi.bundle' id='org.jaggeryjs.hostobjects.xslt' version='0.9.0.SNAPSHOT'>
      <properties size='1'>
        <property name='download.size' value='9328'/>
      </properties>
    </artifact>
    <artifact classifier='osgi.bundle' id='org.eclipse.equinox.simpleconfigurator' version='1.0.200.v20110502-1955'>
      <properties size='1'>
        <property name='download.size' value='39502'/>
      </properties>
    </artifact>
    <artifact classifier='osgi.bundle' id='httpcore' version='4.1.0.wso2v1'>
      <properties size='1'>
        <property name='download.size' value='179120'/>
      </properties>
    </artifact>
    <artifact classifier='osgi.bundle' id='antlr' version='3.2.0.wso2v1'>
      <properties size='1'>
        <property name='download.size' value='447833'/>
      </properties>
    </artifact>
    <artifact classifier='osgi.bundle' id='org.jaggeryjs.hostobjects.file' version='0.9.0.SNAPSHOT'>
      <properties size='1'>
        <property name='download.size' value='12387'/>
      </properties>
    </artifact>
    <artifact classifier='org.eclipse.update.feature' id='org.wso2.carbon.core.common' version='4.0.0'>
      <properties size='1'>
        <property name='download.size' value='5955'/>
      </properties>
      <repositoryProperties size='1'>
        <property name='artifact.folder' value='true'/>
      </repositoryProperties>
    </artifact>
    <artifact classifier='osgi.bundle' id='javax.servlet.jsp' version='2.0.0.v200806031607'>
      <properties size='1'>
        <property name='download.size' value='62710'/>
      </properties>
    </artifact>
    <artifact classifier='osgi.bundle' id='tomcat' version='7.0.28.wso2v1'>
      <properties size='1'>
        <property name='download.size' value='2730581'/>
      </properties>
    </artifact>
    <artifact classifier='osgi.bundle' id='commons-cli' version='1.2.0.wso2v1'>
      <properties size='1'>
        <property name='download.size' value='35413'/>
      </properties>
    </artifact>
    <artifact classifier='osgi.bundle' id='org.eclipse.equinox.p2.publisher.eclipse' version='1.0.0.v20110511'>
      <properties size='1'>
        <property name='download.size' value='198211'/>
      </properties>
      <repositoryProperties size='1'>
        <property name='artifact.folder' value='true'/>
      </repositoryProperties>
    </artifact>
    <artifact classifier='osgi.bundle' id='org.eclipse.wst.jsdt.debug.transport' version='1.0.100.v201109150330'>
      <properties size='1'>
        <property name='download.size' value='24602'/>
      </properties>
    </artifact>
    <artifact classifier='osgi.bundle' id='org.eclipse.equinox.util' version='1.0.300.v20110502'>
      <properties size='1'>
        <property name='download.size' value='76821'/>
      </properties>
    </artifact>
    <artifact classifier='osgi.bundle' id='org.eclipse.equinox.p2.repository' version='2.1.0.v20110601'>
      <properties size='1'>
        <property name='download.size' value='127837'/>
      </properties>
    </artifact>
    <artifact classifier='org.eclipse.update.feature' id='org.jaggeryjs.server' version='0.9.0.SNAPSHOT'>
      <properties size='1'>
        <property name='download.size' value='5903'/>
      </properties>
      <repositoryProperties size='1'>
        <property name='artifact.folder' value='true'/>
      </repositoryProperties>
    </artifact>
    <artifact classifier='osgi.bundle' id='org.wso2.carbon.caching.core' version='4.0.0'>
      <properties size='1'>
        <property name='download.size' value='50400'/>
      </properties>
    </artifact>
    <artifact classifier='osgi.bundle' id='org.wso2.carbon.webapp.list.ui' version='4.0.1'>
      <properties size='1'>
        <property name='download.size' value='230273'/>
      </properties>
    </artifact>
    <artifact classifier='org.eclipse.update.feature' id='org.jaggeryjs' version='0.9.0.SNAPSHOT'>
      <properties size='1'>
        <property name='download.size' value='802'/>
      </properties>
      <repositoryProperties size='1'>
        <property name='artifact.folder' value='true'/>
      </repositoryProperties>
    </artifact>
    <artifact classifier='osgi.bundle' id='org.eclipse.equinox.p2.garbagecollector' version='1.0.200.v20110510'>
      <properties size='1'>
        <property name='download.size' value='24987'/>
      </properties>
    </artifact>
    <artifact classifier='osgi.bundle' id='org.wso2.carbon.application.deployer' version='4.0.0'>
      <properties size='1'>
        <property name='download.size' value='65847'/>
      </properties>
    </artifact>
    <artifact classifier='osgi.bundle' id='abdera' version='1.0.0.wso2v3'>
      <properties size='1'>
        <property name='download.size' value='1108930'/>
      </properties>
    </artifact>
    <artifact classifier='osgi.bundle' id='org.wso2.carbon.core.bootup.validator' version='4.0.0'>
      <properties size='1'>
        <property name='download.size' value='21863'/>
      </properties>
    </artifact>
    <artifact classifier='osgi.bundle' id='org.eclipse.ecf.provider.filetransfer' version='3.2.0.v20110531-2218'>
      <properties size='1'>
        <property name='download.size' value='126823'/>
      </properties>
    </artifact>
    <artifact classifier='osgi.bundle' id='org.eclipse.equinox.launcher.gtk.linux.x86' version='1.1.100.v20110505'>
      <properties size='1'>
        <property name='download.size' value='73673'/>
      </properties>
      <repositoryProperties size='1'>
        <property name='artifact.folder' value='true'/>
      </repositoryProperties>
    </artifact>
    <artifact classifier='osgi.bundle' id='org.wso2.carbon.feature.mgt.ui' version='4.0.0'>
      <properties size='1'>
        <property name='download.size' value='738437'/>
      </properties>
    </artifact>
    <artifact classifier='osgi.bundle' id='org.wso2.securevault' version='1.0.0.wso2v2'>
      <properties size='1'>
        <property name='download.size' value='80183'/>
      </properties>
    </artifact>
    <artifact classifier='osgi.bundle' id='org.wso2.carbon.ui' version='4.0.0'>
      <properties size='1'>
        <property name='download.size' value='3302911'/>
      </properties>
    </artifact>
    <artifact classifier='osgi.bundle' id='org.eclipse.equinox.p2.transport.ecf' version='1.0.100.v20110902-0807'>
      <properties size='1'>
        <property name='download.size' value='38870'/>
      </properties>
    </artifact>
    <artifact classifier='osgi.bundle' id='org.wso2.carbon.tomcat.ext' version='4.0.0'>
      <properties size='1'>
        <property name='download.size' value='46947'/>
      </properties>
    </artifact>
    <artifact classifier='osgi.bundle' id='org.eclipse.wst.jsdt.debug.rhino.debugger' version='1.0.300.v201109150503'>
      <properties size='1'>
        <property name='download.size' value='71086'/>
      </properties>
    </artifact>
    <artifact classifier='osgi.bundle' id='quartz' version='2.1.1.wso2v1'>
      <properties size='1'>
        <property name='download.size' value='560093'/>
      </properties>
    </artifact>
    <artifact classifier='osgi.bundle' id='org.jaggeryjs.jaggery.app.mgt' version='0.9.0.SNAPSHOT'>
      <properties size='1'>
        <property name='download.size' value='31784'/>
      </properties>
    </artifact>
    <artifact classifier='osgi.bundle' id='org.jaggeryjs.hostobjects.db' version='0.9.0.SNAPSHOT'>
      <properties size='1'>
        <property name='download.size' value='14477'/>
      </properties>
    </artifact>
    <artifact classifier='osgi.bundle' id='geronimo-saaj_1.3_spec' version='1.0.0.wso2v3'>
      <properties size='1'>
        <property name='download.size' value='25361'/>
      </properties>
    </artifact>
    <artifact classifier='osgi.bundle' id='org.eclipse.equinox.launcher' version='1.2.0.v20110502'>
      <properties size='1'>
        <property name='download.size' value='47259'/>
      </properties>
    </artifact>
    <artifact classifier='osgi.bundle' id='org.wso2.carbon.tomcat.fragment.dummy' version='4.0.0'>
      <properties size='1'>
        <property name='download.size' value='3950'/>
      </properties>
    </artifact>
    <artifact classifier='osgi.bundle' id='org.eclipse.equinox.app' version='1.3.100.v20110321'>
      <properties size='1'>
        <property name='download.size' value='85220'/>
      </properties>
    </artifact>
    <artifact classifier='org.eclipse.update.feature' id='org.wso2.carbon.core.ui' version='4.0.0'>
      <properties size='1'>
        <property name='download.size' value='5180'/>
      </properties>
      <repositoryProperties size='1'>
        <property name='artifact.folder' value='true'/>
      </repositoryProperties>
    </artifact>
    <artifact classifier='osgi.bundle' id='axiom-e4x' version='2.0.1.wso2v1'>
      <properties size='1'>
        <property name='download.size' value='64186'/>
      </properties>
    </artifact>
    <artifact classifier='osgi.bundle' id='org.apache.jasper' version='5.5.17.v200806031609'>
      <properties size='1'>
        <property name='download.size' value='1721091'/>
      </properties>
    </artifact>
    <artifact classifier='osgi.bundle' id='neethi' version='2.0.4.wso2v4'>
      <properties size='1'>
        <property name='download.size' value='28339'/>
      </properties>
    </artifact>
    <artifact classifier='osgi.bundle' id='org.wso2.carbon.user.mgt.stub' version='4.0.0'>
      <properties size='1'>
        <property name='download.size' value='368099'/>
      </properties>
    </artifact>
    <artifact classifier='osgi.bundle' id='javax.servlet' version='3.0.0.wso2v1'>
      <properties size='1'>
        <property name='download.size' value='170410'/>
      </properties>
    </artifact>
    <artifact classifier='osgi.bundle' id='org.eclipse.equinox.registry' version='3.5.100.v20110502'>
      <properties size='1'>
        <property name='download.size' value='183014'/>
      </properties>
    </artifact>
    <artifact classifier='osgi.bundle' id='org.wso2.carbon.tomcat' version='4.0.0'>
      <properties size='1'>
        <property name='download.size' value='19973'/>
      </properties>
    </artifact>
    <artifact classifier='org.eclipse.update.feature' id='org.wso2.carbon.core' version='4.0.0'>
      <properties size='1'>
        <property name='download.size' value='4983'/>
      </properties>
      <repositoryProperties size='1'>
        <property name='artifact.folder' value='true'/>
      </repositoryProperties>
    </artifact>
    <artifact classifier='osgi.bundle' id='org.eclipse.osgi.services' version='3.3.0.v20110513'>
      <properties size='1'>
        <property name='download.size' value='71159'/>
      </properties>
    </artifact>
    <artifact classifier='osgi.bundle' id='poi-scratchpad' version='3.5.0.wso2v1'>
      <properties size='1'>
        <property name='download.size' value='2309721'/>
      </properties>
    </artifact>
    <artifact classifier='osgi.bundle' id='org.wso2.carbon.core' version='4.0.0'>
      <properties size='1'>
        <property name='download.size' value='1774971'/>
      </properties>
    </artifact>
    <artifact classifier='osgi.bundle' id='org.apache.commons.el' version='1.0.0.v200806031608'>
      <properties size='1'>
        <property name='download.size' value='127498'/>
      </properties>
    </artifact>
    <artifact classifier='osgi.bundle' id='commons-dbcp' version='1.4.0.wso2v1'>
      <properties size='1'>
        <property name='download.size' value='154934'/>
      </properties>
    </artifact>
    <artifact classifier='osgi.bundle' id='commons-pool' version='1.5.6.wso2v1'>
      <properties size='1'>
        <property name='download.size' value='95794'/>
      </properties>
    </artifact>
    <artifact classifier='osgi.bundle' id='opencsv' version='1.8.0.wso2v1'>
      <properties size='1'>
        <property name='download.size' value='24780'/>
      </properties>
    </artifact>
    <artifact classifier='osgi.bundle' id='org.sat4j.core' version='2.3.0.v20110329'>
      <properties size='1'>
        <property name='download.size' value='210701'/>
      </properties>
    </artifact>
    <artifact classifier='osgi.bundle' id='org.eclipse.equinox.p2.engine' version='2.1.0.v20110511'>
      <properties size='1'>
        <property name='download.size' value='184849'/>
      </properties>
    </artifact>
    <artifact classifier='osgi.bundle' id='org.jaggeryjs.jaggery.app.mgt.ui' version='0.9.0.SNAPSHOT'>
      <properties size='1'>
        <property name='download.size' value='528294'/>
      </properties>
    </artifact>
    <artifact classifier='osgi.bundle' id='org.wso2.carbon.core.services' version='4.0.0'>
      <properties size='1'>
        <property name='download.size' value='56475'/>
      </properties>
    </artifact>
    <artifact classifier='osgi.bundle' id='org.wso2.carbon.addressing' version='4.0.0'>
      <properties size='1'>
        <property name='download.size' value='33224'/>
      </properties>
    </artifact>
    <artifact classifier='osgi.bundle' id='org.eclipse.equinox.p2.metadata' version='2.1.0.v20110510'>
      <properties size='1'>
        <property name='download.size' value='339088'/>
      </properties>
    </artifact>
    <artifact classifier='osgi.bundle' id='org.jaggeryjs.hostobjects.oauth' version='0.9.0.SNAPSHOT'>
      <properties size='1'>
        <property name='download.size' value='76276'/>
      </properties>
    </artifact>
    <artifact classifier='osgi.bundle' id='jdbc-pool' version='7.0.28.wso2v1'>
      <properties size='1'>
        <property name='download.size' value='151682'/>
      </properties>
    </artifact>
    <artifact classifier='osgi.bundle' id='org.wso2.carbon.authenticator.stub' version='4.0.0'>
      <properties size='1'>
        <property name='download.size' value='136214'/>
      </properties>
    </artifact>
    <artifact classifier='osgi.bundle' id='org.eclipse.equinox.http.helper' version='1.0.0.qualifier'>
      <properties size='1'>
        <property name='download.size' value='19616'/>
      </properties>
    </artifact>
    <artifact classifier='osgi.bundle' id='jsr107cache' version='1.1.0.wso2v2'>
      <properties size='1'>
        <property name='download.size' value='9187'/>
      </properties>
    </artifact>
    <artifact classifier='org.eclipse.update.feature' id='org.wso2.carbon.ntask' version='4.0.0'>
      <properties size='1'>
        <property name='download.size' value='4928'/>
      </properties>
      <repositoryProperties size='1'>
        <property name='artifact.folder' value='true'/>
      </repositoryProperties>
    </artifact>
    <artifact classifier='osgi.bundle' id='axiom' version='1.2.11.wso2v2'>
      <properties size='1'>
        <property name='download.size' value='1606776'/>
      </properties>
    </artifact>
    <artifact classifier='osgi.bundle' id='ajaxtags' version='1.3.0.beta-rc7-wso2v1'>
      <properties size='1'>
        <property name='download.size' value='432054'/>
      </properties>
    </artifact>
    <artifact classifier='osgi.bundle' id='org.wso2.carbon.user.api' version='4.0.0'>
      <properties size='1'>
        <property name='download.size' value='15522'/>
      </properties>
    </artifact>
    <artifact classifier='osgi.bundle' id='org.wso2.carbon.logging' version='4.0.0'>
      <properties size='1'>
        <property name='download.size' value='415740'/>
      </properties>
    </artifact>
    <artifact classifier='osgi.bundle' id='opensaml2' version='2.4.1.wso2v1'>
      <properties size='1'>
        <property name='download.size' value='5620393'/>
      </properties>
    </artifact>
    <artifact classifier='osgi.bundle' id='org.eclipse.equinox.simpleconfigurator.manipulator' version='2.0.0.v20110502-1955'>
      <properties size='1'>
        <property name='download.size' value='22841'/>
      </properties>
    </artifact>
    <artifact classifier='osgi.bundle' id='org.wso2.carbon.user.mgt.ui' version='4.0.0'>
      <properties size='1'>
        <property name='download.size' value='482038'/>
      </properties>
    </artifact>
    <artifact classifier='osgi.bundle' id='org.wso2.carbon.tomcat.patch' version='4.0.0'>
      <properties size='1'>
        <property name='download.size' value='200524'/>
      </properties>
    </artifact>
    <artifact classifier='osgi.bundle' id='org.eclipse.ecf.provider.filetransfer.httpclient' version='4.0.200.v20120319-0616'>
      <properties size='1'>
        <property name='download.size' value='72923'/>
      </properties>
    </artifact>
    <artifact classifier='osgi.bundle' id='org.jaggeryjs.hostobjects.stream' version='0.9.0.SNAPSHOT'>
      <properties size='1'>
        <property name='download.size' value='4326'/>
      </properties>
    </artifact>
    <artifact classifier='org.eclipse.update.feature' id='org.wso2.jaggery.styles' version='0.9.0.SNAPSHOT'>
      <properties size='1'>
        <property name='download.size' value='866'/>
      </properties>
      <repositoryProperties size='1'>
        <property name='artifact.folder' value='true'/>
      </repositoryProperties>
    </artifact>
    <artifact classifier='osgi.bundle' id='org.wso2.carbon.authenticator.proxy' version='4.0.0'>
      <properties size='1'>
        <property name='download.size' value='8190'/>
      </properties>
    </artifact>
    <artifact classifier='osgi.bundle' id='axis2-json' version='1.6.1.wso2v5'>
      <properties size='1'>
        <property name='download.size' value='18194'/>
      </properties>
    </artifact>
    <artifact classifier='osgi.bundle' id='taglibs.standard' version='1.1.2.wso2v1'>
      <properties size='1'>
        <property name='download.size' value='422640'/>
      </properties>
    </artifact>
    <artifact classifier='osgi.bundle' id='apache-zookeeper' version='3.3.5.wso2v1'>
      <properties size='1'>
        <property name='download.size' value='612144'/>
      </properties>
    </artifact>
    <artifact classifier='osgi.bundle' id='commons-fileupload' version='1.2.2.wso2v1'>
      <properties size='1'>
        <property name='download.size' value='54761'/>
      </properties>
    </artifact>
    <artifact classifier='osgi.bundle' id='axis2' version='1.6.1.wso2v5'>
      <properties size='1'>
        <property name='download.size' value='8590481'/>
      </properties>
    </artifact>
    <artifact classifier='osgi.bundle' id='org.eclipse.core.contenttype' version='3.4.100.v20110423-0524'>
      <properties size='1'>
        <property name='download.size' value='91963'/>
      </properties>
    </artifact>
    <artifact classifier='osgi.bundle' id='org.eclipse.equinox.p2.director' version='2.1.0.v20110504-1715'>
      <properties size='1'>
        <property name='download.size' value='95071'/>
      </properties>
    </artifact>
    <artifact classifier='osgi.bundle' id='org.wso2.carbon.registry.api' version='4.0.0'>
      <properties size='1'>
        <property name='download.size' value='11993'/>
      </properties>
    </artifact>
    <artifact classifier='osgi.bundle' id='org.eclipse.equinox.p2.touchpoint.eclipse' version='2.1.0.v20110511-wso2v1'>
      <properties size='1'>
        <property name='download.size' value='119254'/>
      </properties>
    </artifact>
    <artifact classifier='osgi.bundle' id='org.wso2.carbon.core.common' version='4.0.0'>
      <properties size='1'>
        <property name='download.size' value='6513'/>
      </properties>
    </artifact>
    <artifact classifier='osgi.bundle' id='org.jaggeryjs.jaggery.tools' version='0.9.0.SNAPSHOT'>
      <properties size='1'>
        <property name='download.size' value='4277'/>
      </properties>
    </artifact>
    <artifact classifier='osgi.bundle' id='org.wso2.carbon.roles.mgt.ui' version='4.0.0'>
      <properties size='1'>
        <property name='download.size' value='150116'/>
      </properties>
    </artifact>
    <artifact classifier='osgi.bundle' id='org.wso2.carbon.osgi.security' version='4.0.0'>
      <properties size='1'>
        <property name='download.size' value='5815'/>
      </properties>
    </artifact>
    <artifact classifier='osgi.bundle' id='org.wso2.carbon.coordination.common' version='4.0.0'>
      <properties size='1'>
        <property name='download.size' value='6440'/>
      </properties>
    </artifact>
    <artifact classifier='osgi.bundle' id='annogen' version='0.1.0.wso2v1'>
      <properties size='1'>
        <property name='download.size' value='255349'/>
      </properties>
    </artifact>
    <artifact classifier='osgi.bundle' id='rampart-core' version='1.6.1.wso2v3'>
      <properties size='1'>
        <property name='download.size' value='172047'/>
      </properties>
    </artifact>
    <artifact classifier='osgi.bundle' id='infinispan-core' version='5.1.2.wso2v1'>
      <properties size='1'>
        <property name='download.size' value='2591266'/>
      </properties>
    </artifact>
    <artifact classifier='osgi.bundle' id='rampart-trust' version='1.6.1.wso2v3'>
      <properties size='1'>
        <property name='download.size' value='130604'/>
      </properties>
    </artifact>
    <artifact classifier='osgi.bundle' id='wss4j' version='1.5.11.wso2v4'>
      <properties size='1'>
        <property name='download.size' value='1713567'/>
      </properties>
    </artifact>
    <artifact classifier='osgi.bundle' id='woden' version='1.0.0.M8-wso2v1'>
      <properties size='1'>
        <property name='download.size' value='359999'/>
      </properties>
    </artifact>
    <artifact classifier='osgi.bundle' id='org.eclipse.core.jobs' version='3.5.100.v20110404'>
      <properties size='1'>
        <property name='download.size' value='91038'/>
      </properties>
    </artifact>
    <artifact classifier='osgi.bundle' id='org.wso2.carbon.webapp.mgt.stub' version='4.0.1'>
      <properties size='1'>
        <property name='download.size' value='292178'/>
      </properties>
    </artifact>
    <artifact classifier='osgi.bundle' id='org.jaggeryjs.hostobjects.log' version='0.9.0.SNAPSHOT'>
      <properties size='1'>
        <property name='download.size' value='4939'/>
      </properties>
    </artifact>
    <artifact classifier='osgi.bundle' id='org.jaggeryjs.hostobjects.jaggeryparser' version='0.9.0.SNAPSHOT'>
      <properties size='1'>
        <property name='download.size' value='6135'/>
      </properties>
    </artifact>
    <artifact classifier='osgi.bundle' id='com.google.gson' version='2.1.0'>
      <properties size='1'>
        <property name='download.size' value='180110'/>
      </properties>
    </artifact>
    <artifact classifier='osgi.bundle' id='org.wso2.carbon.user.core' version='4.0.0'>
      <properties size='1'>
        <property name='download.size' value='242984'/>
      </properties>
    </artifact>
  </artifacts>
</repository>
