<?xml version="1.0" encoding="UTF-8" standalone="no"?>
<feature id="org.jaggeryjs.ui" label="Jaggery Management UI Feature" provider-name="%providerName" version="0.9.0.SNAPSHOT">
  <description>This feature contains the bundles required for Front-end Jaggery Management functionality</description>
  <copyright>%copyright</copyright>
  <license url="%licenseURL">%license</license>
  <plugin id="org.wso2.carbon.webapp.list.ui" unpack="false" version="4.0.1"/>
  <plugin id="org.wso2.carbon.webapp.mgt.stub" unpack="false" version="4.0.1"/>
  <plugin id="org.jaggeryjs.jaggery.app.mgt.stub" unpack="false" version="0.9.0.SNAPSHOT"/>
  <plugin id="org.jaggeryjs.jaggery.app.mgt.ui" unpack="false" version="0.9.0.SNAPSHOT"/>
  <require>
    <import feature="org.wso2.carbon.core.ui" match="equivalent" version="4.0.0"/>
  </require>
</feature>
