<?xml version="1.0" encoding="UTF-8" standalone="no"?>
<feature id="org.wso2.carbon.core.runtime" label="WSO2 Carbon - Carbon Runtime Feature" provider-name="%providerName" version="4.0.0">
  <description>This feature contains the carbon core runtime features</description>
  <copyright>%copyright</copyright>
  <license url="%licenseURL">%license</license>
  <plugin id="org.eclipse.equinox.simpleconfigurator.manipulator" unpack="false" version="2.0.0.v20110502-1955"/>
  <plugin id="org.eclipse.equinox.p2.repository.tools" unpack="false" version="2.0.100.v20110512-1320"/>
  <plugin id="org.eclipse.equinox.concurrent" unpack="false" version="1.0.200.v20110502"/>
  <plugin id="org.eclipse.equinox.common" unpack="false" version="3.6.0.v20110523"/>
  <plugin id="org.eclipse.ecf.provider.filetransfer.httpclient" unpack="false" version="4.0.200.v20120319-0616"/>
  <plugin id="org.eclipse.ecf" unpack="false" version="3.1.300.v20110531-2218"/>
  <plugin id="org.eclipse.equinox.util" unpack="false" version="1.0.300.v20110502"/>
  <plugin id="org.eclipse.equinox.p2.jarprocessor" unpack="false" version="1.0.200.v20110502-1955"/>
  <plugin id="org.eclipse.equinox.security" unpack="false" version="1.1.0.v20110502"/>
  <plugin id="org.eclipse.ecf.identity" unpack="false" version="3.1.100.v20110531-2218"/>
  <plugin id="org.eclipse.equinox.p2.garbagecollector" unpack="false" version="1.0.200.v20110510"/>
  <plugin id="org.eclipse.equinox.p2.engine" unpack="false" version="2.1.0.v20110511"/>
  <plugin id="org.eclipse.equinox.p2.updatesite" unpack="false" version="1.0.300.v20110510"/>
  <plugin id="org.eclipse.ecf.filetransfer" unpack="false" version="5.0.0.v20110531-2218"/>
  <plugin id="org.eclipse.equinox.p2.core" unpack="false" version="2.1.0.v20110502-1955"/>
  <plugin id="org.eclipse.equinox.p2.directorywatcher" unpack="false" version="1.0.300.v20110502-1955"/>
  <plugin id="org.eclipse.equinox.launcher" unpack="false" version="1.2.0.v20110502"/>
  <plugin id="org.eclipse.core.expressions" unpack="false" version="3.4.300.v20110228"/>
  <plugin id="org.eclipse.equinox.launcher.gtk.linux.x86" unpack="false" version="1.1.100.v20110505"/>
  <plugin id="org.eclipse.osgi.services" unpack="false" version="3.3.0.v20110513"/>
  <plugin id="org.eclipse.core.runtime" unpack="false" version="3.7.0.v20110110"/>
  <plugin id="org.eclipse.equinox.p2.metadata" unpack="false" version="2.1.0.v20110510"/>
  <plugin id="org.eclipse.equinox.p2.extensionlocation" unpack="false" version="1.2.100.v20110510"/>
  <plugin id="org.eclipse.core.contenttype" unpack="false" version="3.4.100.v20110423-0524"/>
  <plugin id="org.eclipse.equinox.p2.director" unpack="false" version="2.1.0.v20110504-1715"/>
  <plugin id="org.sat4j.core" unpack="false" version="2.3.0.v20110329"/>
  <plugin id="org.eclipse.ecf.provider.filetransfer" unpack="false" version="3.2.0.v20110531-2218"/>
  <plugin id="org.eclipse.equinox.preferences" unpack="false" version="3.4.0.v20110502"/>
  <plugin id="org.eclipse.equinox.p2.repository" unpack="false" version="2.1.0.v20110601"/>
  <plugin id="org.eclipse.equinox.simpleconfigurator" unpack="false" version="1.0.200.v20110502-1955"/>
  <plugin id="org.eclipse.equinox.registry" unpack="false" version="3.5.100.v20110502"/>
  <plugin id="org.wso2.carbon.osgi.security" unpack="false" version="4.0.0"/>
  <plugin id="org.eclipse.equinox.p2.touchpoint.eclipse" unpack="false" version="2.1.0.v20110511-wso2v1"/>
  <plugin id="org.eclipse.osgi" unpack="false" version="3.7.0.v20110613"/>
  <plugin id="org.eclipse.equinox.p2.metadata.repository" unpack="false" version="1.2.0.v20110511-1359"/>
  <plugin id="org.eclipse.equinox.p2.console" unpack="false" version="1.0.300.v20110502-1955"/>
  <plugin id="org.eclipse.equinox.p2.updatechecker" unpack="false" version="1.1.200.v20110502-1955"/>
  <plugin id="org.eclipse.equinox.frameworkadmin" unpack="false" version="2.0.0.v20110502-1955"/>
  <plugin id="org.eclipse.equinox.ds" unpack="false" version="1.3.0.v20110502"/>
  <plugin id="org.eclipse.equinox.p2.touchpoint.natives" unpack="false" version="1.0.300.v20110502-1955"/>
  <plugin id="org.eclipse.equinox.frameworkadmin.equinox" unpack="false" version="1.0.300.v20110506"/>
  <plugin id="org.eclipse.core.jobs" unpack="false" version="3.5.100.v20110404"/>
  <plugin id="org.eclipse.equinox.p2.transport.ecf" unpack="false" version="1.0.100.v20110902-0807"/>
  <plugin id="org.sat4j.pb" unpack="false" version="2.3.0.v20110329"/>
  <plugin id="org.eclipse.equinox.p2.director.app" unpack="false" version="1.0.300.v20110505"/>
  <plugin id="org.eclipse.equinox.app" unpack="false" version="1.3.100.v20110321"/>
  <plugin id="org.eclipse.equinox.p2.publisher" unpack="false" version="1.2.0.v20110511"/>
  <plugin id="org.eclipse.equinox.p2.artifact.repository" unpack="false" version="1.1.100.v20110519"/>
  <plugin id="org.eclipse.equinox.p2.publisher.eclipse" unpack="false" version="1.0.0.v20110511"/>
</feature>
