<?xml version="1.0" encoding="UTF-8" standalone="no"?>
<feature id="org.jaggeryjs" label="Jaggery aggregate Feature" provider-name="%providerName" version="0.9.0.SNAPSHOT">
  <description>Jaggery aggregate Featurefeature</description>
  <copyright>%copyright</copyright>
  <license url="%licenseURL">%license</license>
  <require>
    <import feature="org.wso2.carbon.core" match="equivalent" version="4.0.0"/>
  </require>
  <includes id="org.jaggeryjs.server" optional="false" version="0.9.0.SNAPSHOT"/>
  <includes id="org.jaggeryjs.ui" optional="false" version="0.9.0.SNAPSHOT"/>
</feature>
